{
  "summary": {
    "total_operations": 5,
    "total_duration": 56.28972315788269,
    "total_items_processed": 148,
    "overall_throughput": 2.6292543593594564,
    "by_operation": {
      "load_transcripts": {
        "count": 1,
        "total_duration": 0.0017812252044677734,
        "total_items": 1,
        "avg_duration": 0.0017812252044677734,
        "avg_throughput": 561.4113237853031,
        "min_duration": 0.0017812252044677734,
        "max_duration": 0.0017812252044677734
      },
      "chunk_documents": {
        "count": 1,
        "total_duration": 0.015890121459960938,
        "total_items": 49,
        "avg_duration": 0.015890121459960938,
        "avg_throughput": 3083.6768695234664,
        "min_duration": 0.015890121459960938,
        "max_duration": 0.015890121459960938
      },
      "initialize_schema": {
        "count": 1,
        "total_duration": 6.066293239593506,
        "total_items": 0,
        "avg_duration": 6.066293239593506,
        "avg_throughput": 0.0,
        "min_duration": 6.066293239593506,
        "max_duration": 6.066293239593506
      },
      "extract_kg_async": {
        "count": 1,
        "total_duration": 47.731526374816895,
        "total_items": 49,
        "avg_duration": 47.731526374816895,
        "avg_throughput": 1.0265751741359008,
        "min_duration": 47.731526374816895,
        "max_duration": 47.731526374816895
      },
      "ingest_qdrant_async": {
        "count": 1,
        "total_duration": 2.4742321968078613,
        "total_items": 49,
        "avg_duration": 2.4742321968078613,
        "avg_throughput": 19.804123502724405,
        "min_duration": 2.4742321968078613,
        "max_duration": 2.4742321968078613
      }
    }
  },
  "operations": [
    {
      "name": "load_transcripts",
      "duration": 0.0017812252044677734,
      "items_processed": 1,
      "items_per_second": 561.4113237853031,
      "metadata": {}
    },
    {
      "name": "chunk_documents",
      "duration": 0.015890121459960938,
      "items_processed": 49,
      "items_per_second": 3083.6768695234664,
      "metadata": {}
    },
    {
      "name": "initialize_schema",
      "duration": 6.066293239593506,
      "items_processed": 0,
      "items_per_second": 0.0,
      "metadata": {}
    },
    {
      "name": "extract_kg_async",
      "duration": 47.731526374816895,
      "items_processed": 49,
      "items_per_second": 1.0265751741359008,
      "metadata": {
        "concepts": 41,
        "relationships": 12,
        "quotes": 14,
        "max_concurrent": 10,
        "batch_size": 10
      }
    },
    {
      "name": "ingest_qdrant_async",
      "duration": 2.4742321968078613,
      "items_processed": 49,
      "items_per_second": 19.804123502724405,
      "metadata": {}
    }
  ]
}