{
  "summary": {
    "total_operations": 5,
    "total_duration": 34.06372880935669,
    "total_items_processed": 58,
    "overall_throughput": 1.7026908687714908,
    "by_operation": {
      "load_transcripts": {
        "count": 1,
        "total_duration": 0.002017498016357422,
        "total_items": 1,
        "avg_duration": 0.002017498016357422,
        "avg_throughput": 495.6634365398251,
        "min_duration": 0.002017498016357422,
        "max_duration": 0.002017498016357422
      },
      "chunk_documents": {
        "count": 1,
        "total_duration": 0.00960683822631836,
        "total_items": 19,
        "avg_duration": 0.00960683822631836,
        "avg_throughput": 1977.75787958505,
        "min_duration": 0.00960683822631836,
        "max_duration": 0.00960683822631836
      },
      "initialize_schema": {
        "count": 1,
        "total_duration": 5.950874090194702,
        "total_items": 0,
        "avg_duration": 5.950874090194702,
        "avg_throughput": 0.0,
        "min_duration": 5.950874090194702,
        "max_duration": 5.950874090194702
      },
      "extract_kg_async": {
        "count": 1,
        "total_duration": 26.667014837265015,
        "total_items": 19,
        "avg_duration": 26.667014837265015,
        "avg_throughput": 0.7124906974382833,
        "min_duration": 26.667014837265015,
        "max_duration": 26.667014837265015
      },
      "ingest_qdrant_async": {
        "count": 1,
        "total_duration": 1.4342155456542969,
        "total_items": 19,
        "avg_duration": 1.4342155456542969,
        "avg_throughput": 13.24766005888752,
        "min_duration": 1.4342155456542969,
        "max_duration": 1.4342155456542969
      }
    }
  },
  "operations": [
    {
      "name": "load_transcripts",
      "duration": 0.002017498016357422,
      "items_processed": 1,
      "items_per_second": 495.6634365398251,
      "metadata": {}
    },
    {
      "name": "chunk_documents",
      "duration": 0.00960683822631836,
      "items_processed": 19,
      "items_per_second": 1977.75787958505,
      "metadata": {}
    },
    {
      "name": "initialize_schema",
      "duration": 5.950874090194702,
      "items_processed": 0,
      "items_per_second": 0.0,
      "metadata": {}
    },
    {
      "name": "extract_kg_async",
      "duration": 26.667014837265015,
      "items_processed": 19,
      "items_per_second": 0.7124906974382833,
      "metadata": {
        "concepts": 14,
        "relationships": 6,
        "quotes": 5,
        "max_concurrent": 10,
        "batch_size": 10
      }
    },
    {
      "name": "ingest_qdrant_async",
      "duration": 1.4342155456542969,
      "items_processed": 19,
      "items_per_second": 13.24766005888752,
      "metadata": {}
    }
  ]
}