{
  "summary": {
    "total_operations": 5,
    "total_duration": 73.1928277015686,
    "total_items_processed": 211,
    "overall_throughput": 2.88279612396336,
    "by_operation": {
      "load_transcripts": {
        "count": 1,
        "total_duration": 0.007025957107543945,
        "total_items": 1,
        "avg_duration": 0.007025957107543945,
        "avg_throughput": 142.32936305948624,
        "min_duration": 0.007025957107543945,
        "max_duration": 0.007025957107543945
      },
      "chunk_documents": {
        "count": 1,
        "total_duration": 0.14966869354248047,
        "total_items": 70,
        "avg_duration": 0.14966869354248047,
        "avg_throughput": 467.6996794933063,
        "min_duration": 0.14966869354248047,
        "max_duration": 0.14966869354248047
      },
      "initialize_schema": {
        "count": 1,
        "total_duration": 5.309138059616089,
        "total_items": 0,
        "avg_duration": 5.309138059616089,
        "avg_throughput": 0.0,
        "min_duration": 5.309138059616089,
        "max_duration": 5.309138059616089
      },
      "extract_kg_async": {
        "count": 1,
        "total_duration": 65.29859232902527,
        "total_items": 70,
        "avg_duration": 65.29859232902527,
        "avg_throughput": 1.0719986067584026,
        "min_duration": 65.29859232902527,
        "max_duration": 65.29859232902527
      },
      "ingest_qdrant_async": {
        "count": 1,
        "total_duration": 2.4284026622772217,
        "total_items": 70,
        "avg_duration": 2.4284026622772217,
        "avg_throughput": 28.825532555773872,
        "min_duration": 2.4284026622772217,
        "max_duration": 2.4284026622772217
      }
    }
  },
  "operations": [
    {
      "name": "load_transcripts",
      "duration": 0.007025957107543945,
      "items_processed": 1,
      "items_per_second": 142.32936305948624,
      "metadata": {}
    },
    {
      "name": "chunk_documents",
      "duration": 0.14966869354248047,
      "items_processed": 70,
      "items_per_second": 467.6996794933063,
      "metadata": {}
    },
    {
      "name": "initialize_schema",
      "duration": 5.309138059616089,
      "items_processed": 0,
      "items_per_second": 0.0,
      "metadata": {}
    },
    {
      "name": "extract_kg_async",
      "duration": 65.29859232902527,
      "items_processed": 70,
      "items_per_second": 1.0719986067584026,
      "metadata": {
        "concepts": 55,
        "relationships": 23,
        "quotes": 18,
        "max_concurrent": 10,
        "batch_size": 10
      }
    },
    {
      "name": "ingest_qdrant_async",
      "duration": 2.4284026622772217,
      "items_processed": 70,
      "items_per_second": 28.825532555773872,
      "metadata": {}
    }
  ]
}