{
  "summary": {
    "total_operations": 5,
    "total_duration": 50.36251211166382,
    "total_items_processed": 124,
    "overall_throughput": 2.462148824607221,
    "by_operation": {
      "load_transcripts": {
        "count": 1,
        "total_duration": 0.0030236244201660156,
        "total_items": 1,
        "avg_duration": 0.0030236244201660156,
        "avg_throughput": 330.7289071124428,
        "min_duration": 0.0030236244201660156,
        "max_duration": 0.0030236244201660156
      },
      "chunk_documents": {
        "count": 1,
        "total_duration": 0.01933121681213379,
        "total_items": 41,
        "avg_duration": 0.01933121681213379,
        "avg_throughput": 2120.9218435885105,
        "min_duration": 0.01933121681213379,
        "max_duration": 0.01933121681213379
      },
      "initialize_schema": {
        "count": 1,
        "total_duration": 5.0808494091033936,
        "total_items": 0,
        "avg_duration": 5.0808494091033936,
        "avg_throughput": 0.0,
        "min_duration": 5.0808494091033936,
        "max_duration": 5.0808494091033936
      },
      "extract_kg_async": {
        "count": 1,
        "total_duration": 43.06403875350952,
        "total_items": 41,
        "avg_duration": 43.06403875350952,
        "avg_throughput": 0.9520704789134226,
        "min_duration": 43.06403875350952,
        "max_duration": 43.06403875350952
      },
      "ingest_qdrant_async": {
        "count": 1,
        "total_duration": 2.1952691078186035,
        "total_items": 41,
        "avg_duration": 2.1952691078186035,
        "avg_throughput": 18.67652574072839,
        "min_duration": 2.1952691078186035,
        "max_duration": 2.1952691078186035
      }
    }
  },
  "operations": [
    {
      "name": "load_transcripts",
      "duration": 0.0030236244201660156,
      "items_processed": 1,
      "items_per_second": 330.7289071124428,
      "metadata": {}
    },
    {
      "name": "chunk_documents",
      "duration": 0.01933121681213379,
      "items_processed": 41,
      "items_per_second": 2120.9218435885105,
      "metadata": {}
    },
    {
      "name": "initialize_schema",
      "duration": 5.0808494091033936,
      "items_processed": 0,
      "items_per_second": 0.0,
      "metadata": {}
    },
    {
      "name": "extract_kg_async",
      "duration": 43.06403875350952,
      "items_processed": 41,
      "items_per_second": 0.9520704789134226,
      "metadata": {
        "concepts": 36,
        "relationships": 17,
        "quotes": 11,
        "max_concurrent": 10,
        "batch_size": 10
      }
    },
    {
      "name": "ingest_qdrant_async",
      "duration": 2.1952691078186035,
      "items_processed": 41,
      "items_per_second": 18.67652574072839,
      "metadata": {}
    }
  ]
}