{
  "summary": {
    "total_operations": 5,
    "total_duration": 39.89765548706055,
    "total_items_processed": 79,
    "overall_throughput": 1.9800662228290826,
    "by_operation": {
      "load_transcripts": {
        "count": 1,
        "total_duration": 0.0013685226440429688,
        "total_items": 1,
        "avg_duration": 0.0013685226440429688,
        "avg_throughput": 730.7149825783972,
        "min_duration": 0.0013685226440429688,
        "max_duration": 0.0013685226440429688
      },
      "chunk_documents": {
        "count": 1,
        "total_duration": 0.011382341384887695,
        "total_items": 26,
        "avg_duration": 0.011382341384887695,
        "avg_throughput": 2284.2400452441298,
        "min_duration": 0.011382341384887695,
        "max_duration": 0.011382341384887695
      },
      "initialize_schema": {
        "count": 1,
        "total_duration": 4.798370361328125,
        "total_items": 0,
        "avg_duration": 4.798370361328125,
        "avg_throughput": 0.0,
        "min_duration": 4.798370361328125,
        "max_duration": 4.798370361328125
      },
      "extract_kg_async": {
        "count": 1,
        "total_duration": 33.54757356643677,
        "total_items": 26,
        "avg_duration": 33.54757356643677,
        "avg_throughput": 0.7750187937887745,
        "min_duration": 33.54757356643677,
        "max_duration": 33.54757356643677
      },
      "ingest_qdrant_async": {
        "count": 1,
        "total_duration": 1.5389606952667236,
        "total_items": 26,
        "avg_duration": 1.5389606952667236,
        "avg_throughput": 16.894518540964967,
        "min_duration": 1.5389606952667236,
        "max_duration": 1.5389606952667236
      }
    }
  },
  "operations": [
    {
      "name": "load_transcripts",
      "duration": 0.0013685226440429688,
      "items_processed": 1,
      "items_per_second": 730.7149825783972,
      "metadata": {}
    },
    {
      "name": "chunk_documents",
      "duration": 0.011382341384887695,
      "items_processed": 26,
      "items_per_second": 2284.2400452441298,
      "metadata": {}
    },
    {
      "name": "initialize_schema",
      "duration": 4.798370361328125,
      "items_processed": 0,
      "items_per_second": 0.0,
      "metadata": {}
    },
    {
      "name": "extract_kg_async",
      "duration": 33.54757356643677,
      "items_processed": 26,
      "items_per_second": 0.7750187937887745,
      "metadata": {
        "concepts": 20,
        "relationships": 12,
        "quotes": 5,
        "max_concurrent": 10,
        "batch_size": 10
      }
    },
    {
      "name": "ingest_qdrant_async",
      "duration": 1.5389606952667236,
      "items_processed": 26,
      "items_per_second": 16.894518540964967,
      "metadata": {}
    }
  ]
}