{
  "summary": {
    "total_operations": 5,
    "total_duration": 136.94495058059692,
    "total_items_processed": 187,
    "overall_throughput": 1.3655121945510793,
    "by_operation": {
      "load_transcripts": {
        "count": 1,
        "total_duration": 0.004591941833496094,
        "total_items": 1,
        "avg_duration": 0.004591941833496094,
        "avg_throughput": 217.77279335410176,
        "min_duration": 0.004591941833496094,
        "max_duration": 0.004591941833496094
      },
      "chunk_documents": {
        "count": 1,
        "total_duration": 0.049927473068237305,
        "total_items": 62,
        "avg_duration": 0.049927473068237305,
        "avg_throughput": 1241.801280735014,
        "min_duration": 0.049927473068237305,
        "max_duration": 0.049927473068237305
      },
      "initialize_schema": {
        "count": 1,
        "total_duration": 7.172810077667236,
        "total_items": 0,
        "avg_duration": 7.172810077667236,
        "avg_throughput": 0.0,
        "min_duration": 7.172810077667236,
        "max_duration": 7.172810077667236
      },
      "extract_kg_async": {
        "count": 1,
        "total_duration": 127.58297681808472,
        "total_items": 62,
        "avg_duration": 127.58297681808472,
        "avg_throughput": 0.48595824886891636,
        "min_duration": 127.58297681808472,
        "max_duration": 127.58297681808472
      },
      "ingest_qdrant_async": {
        "count": 1,
        "total_duration": 2.1346442699432373,
        "total_items": 62,
        "avg_duration": 2.1346442699432373,
        "avg_throughput": 29.04465201672626,
        "min_duration": 2.1346442699432373,
        "max_duration": 2.1346442699432373
      }
    }
  },
  "operations": [
    {
      "name": "load_transcripts",
      "duration": 0.004591941833496094,
      "items_processed": 1,
      "items_per_second": 217.77279335410176,
      "metadata": {}
    },
    {
      "name": "chunk_documents",
      "duration": 0.049927473068237305,
      "items_processed": 62,
      "items_per_second": 1241.801280735014,
      "metadata": {}
    },
    {
      "name": "initialize_schema",
      "duration": 7.172810077667236,
      "items_processed": 0,
      "items_per_second": 0.0,
      "metadata": {}
    },
    {
      "name": "extract_kg_async",
      "duration": 127.58297681808472,
      "items_processed": 62,
      "items_per_second": 0.48595824886891636,
      "metadata": {
        "concepts": 47,
        "relationships": 21,
        "quotes": 16,
        "max_concurrent": 10,
        "batch_size": 10
      }
    },
    {
      "name": "ingest_qdrant_async",
      "duration": 2.1346442699432373,
      "items_processed": 62,
      "items_per_second": 29.04465201672626,
      "metadata": {}
    }
  ]
}