{
  "summary": {
    "total_operations": 5,
    "total_duration": 43.804728269577026,
    "total_items_processed": 106,
    "overall_throughput": 2.4198301002501235,
    "by_operation": {
      "load_transcripts": {
        "count": 1,
        "total_duration": 0.0016760826110839844,
        "total_items": 1,
        "avg_duration": 0.0016760826110839844,
        "avg_throughput": 596.6293029871978,
        "min_duration": 0.0016760826110839844,
        "max_duration": 0.0016760826110839844
      },
      "chunk_documents": {
        "count": 1,
        "total_duration": 0.015040397644042969,
        "total_items": 35,
        "avg_duration": 0.015040397644042969,
        "avg_throughput": 2327.0661340434976,
        "min_duration": 0.015040397644042969,
        "max_duration": 0.015040397644042969
      },
      "initialize_schema": {
        "count": 1,
        "total_duration": 5.6344311237335205,
        "total_items": 0,
        "avg_duration": 5.6344311237335205,
        "avg_throughput": 0.0,
        "min_duration": 5.6344311237335205,
        "max_duration": 5.6344311237335205
      },
      "extract_kg_async": {
        "count": 1,
        "total_duration": 35.84787845611572,
        "total_items": 35,
        "avg_duration": 35.84787845611572,
        "avg_throughput": 0.976347876286356,
        "min_duration": 35.84787845611572,
        "max_duration": 35.84787845611572
      },
      "ingest_qdrant_async": {
        "count": 1,
        "total_duration": 2.3057022094726562,
        "total_items": 35,
        "avg_duration": 2.3057022094726562,
        "avg_throughput": 15.17975732347715,
        "min_duration": 2.3057022094726562,
        "max_duration": 2.3057022094726562
      }
    }
  },
  "operations": [
    {
      "name": "load_transcripts",
      "duration": 0.0016760826110839844,
      "items_processed": 1,
      "items_per_second": 596.6293029871978,
      "metadata": {}
    },
    {
      "name": "chunk_documents",
      "duration": 0.015040397644042969,
      "items_processed": 35,
      "items_per_second": 2327.0661340434976,
      "metadata": {}
    },
    {
      "name": "initialize_schema",
      "duration": 5.6344311237335205,
      "items_processed": 0,
      "items_per_second": 0.0,
      "metadata": {}
    },
    {
      "name": "extract_kg_async",
      "duration": 35.84787845611572,
      "items_processed": 35,
      "items_per_second": 0.976347876286356,
      "metadata": {
        "concepts": 26,
        "relationships": 10,
        "quotes": 10,
        "max_concurrent": 10,
        "batch_size": 10
      }
    },
    {
      "name": "ingest_qdrant_async",
      "duration": 2.3057022094726562,
      "items_processed": 35,
      "items_per_second": 15.17975732347715,
      "metadata": {}
    }
  ]
}