{
  "summary": {
    "total_operations": 5,
    "total_duration": 68.94857716560364,
    "total_items_processed": 157,
    "overall_throughput": 2.2770593165818447,
    "by_operation": {
      "load_transcripts": {
        "count": 1,
        "total_duration": 0.002382993698120117,
        "total_items": 1,
        "avg_duration": 0.002382993698120117,
        "avg_throughput": 419.64022011005505,
        "min_duration": 0.002382993698120117,
        "max_duration": 0.002382993698120117
      },
      "chunk_documents": {
        "count": 1,
        "total_duration": 0.01906728744506836,
        "total_items": 52,
        "avg_duration": 0.01906728744506836,
        "avg_throughput": 2727.183934778803,
        "min_duration": 0.01906728744506836,
        "max_duration": 0.01906728744506836
      },
      "initialize_schema": {
        "count": 1,
        "total_duration": 4.709717512130737,
        "total_items": 0,
        "avg_duration": 4.709717512130737,
        "avg_throughput": 0.0,
        "min_duration": 4.709717512130737,
        "max_duration": 4.709717512130737
      },
      "extract_kg_async": {
        "count": 1,
        "total_duration": 62.09017586708069,
        "total_items": 52,
        "avg_duration": 62.09017586708069,
        "avg_throughput": 0.8374915882235349,
        "min_duration": 62.09017586708069,
        "max_duration": 62.09017586708069
      },
      "ingest_qdrant_async": {
        "count": 1,
        "total_duration": 2.1272335052490234,
        "total_items": 52,
        "avg_duration": 2.1272335052490234,
        "avg_throughput": 24.44489515217214,
        "min_duration": 2.1272335052490234,
        "max_duration": 2.1272335052490234
      }
    }
  },
  "operations": [
    {
      "name": "load_transcripts",
      "duration": 0.002382993698120117,
      "items_processed": 1,
      "items_per_second": 419.64022011005505,
      "metadata": {}
    },
    {
      "name": "chunk_documents",
      "duration": 0.01906728744506836,
      "items_processed": 52,
      "items_per_second": 2727.183934778803,
      "metadata": {}
    },
    {
      "name": "initialize_schema",
      "duration": 4.709717512130737,
      "items_processed": 0,
      "items_per_second": 0.0,
      "metadata": {}
    },
    {
      "name": "extract_kg_async",
      "duration": 62.09017586708069,
      "items_processed": 52,
      "items_per_second": 0.8374915882235349,
      "metadata": {
        "concepts": 49,
        "relationships": 19,
        "quotes": 16,
        "max_concurrent": 10,
        "batch_size": 10
      }
    },
    {
      "name": "ingest_qdrant_async",
      "duration": 2.1272335052490234,
      "items_processed": 52,
      "items_per_second": 24.44489515217214,
      "metadata": {}
    }
  ]
}