{
  "summary": {
    "total_operations": 5,
    "total_duration": 57.66163945198059,
    "total_items_processed": 181,
    "overall_throughput": 3.1390019728927934,
    "by_operation": {
      "load_transcripts": {
        "count": 1,
        "total_duration": 0.002250194549560547,
        "total_items": 1,
        "avg_duration": 0.002250194549560547,
        "avg_throughput": 444.40601822420007,
        "min_duration": 0.002250194549560547,
        "max_duration": 0.002250194549560547
      },
      "chunk_documents": {
        "count": 1,
        "total_duration": 0.01709437370300293,
        "total_items": 60,
        "avg_duration": 0.01709437370300293,
        "avg_throughput": 3509.92677722144,
        "min_duration": 0.01709437370300293,
        "max_duration": 0.01709437370300293
      },
      "initialize_schema": {
        "count": 1,
        "total_duration": 5.798308372497559,
        "total_items": 0,
        "avg_duration": 5.798308372497559,
        "avg_throughput": 0.0,
        "min_duration": 5.798308372497559,
        "max_duration": 5.798308372497559
      },
      "extract_kg_async": {
        "count": 1,
        "total_duration": 49.755481481552124,
        "total_items": 60,
        "avg_duration": 49.755481481552124,
        "avg_throughput": 1.2058972843473788,
        "min_duration": 49.755481481552124,
        "max_duration": 49.755481481552124
      },
      "ingest_qdrant_async": {
        "count": 1,
        "total_duration": 2.0885050296783447,
        "total_items": 60,
        "avg_duration": 2.0885050296783447,
        "avg_throughput": 28.728683506805215,
        "min_duration": 2.0885050296783447,
        "max_duration": 2.0885050296783447
      }
    }
  },
  "operations": [
    {
      "name": "load_transcripts",
      "duration": 0.002250194549560547,
      "items_processed": 1,
      "items_per_second": 444.40601822420007,
      "metadata": {}
    },
    {
      "name": "chunk_documents",
      "duration": 0.01709437370300293,
      "items_processed": 60,
      "items_per_second": 3509.92677722144,
      "metadata": {}
    },
    {
      "name": "initialize_schema",
      "duration": 5.798308372497559,
      "items_processed": 0,
      "items_per_second": 0.0,
      "metadata": {}
    },
    {
      "name": "extract_kg_async",
      "duration": 49.755481481552124,
      "items_processed": 60,
      "items_per_second": 1.2058972843473788,
      "metadata": {
        "concepts": 46,
        "relationships": 21,
        "quotes": 16,
        "max_concurrent": 10,
        "batch_size": 10
      }
    },
    {
      "name": "ingest_qdrant_async",
      "duration": 2.0885050296783447,
      "items_processed": 60,
      "items_per_second": 28.728683506805215,
      "metadata": {}
    }
  ]
}