{
  "summary": {
    "total_operations": 5,
    "total_duration": 56.455923557281494,
    "total_items_processed": 130,
    "overall_throughput": 2.302681309749525,
    "by_operation": {
      "load_transcripts": {
        "count": 1,
        "total_duration": 0.0017206668853759766,
        "total_items": 1,
        "avg_duration": 0.0017206668853759766,
        "avg_throughput": 581.1700152417902,
        "min_duration": 0.0017206668853759766,
        "max_duration": 0.0017206668853759766
      },
      "chunk_documents": {
        "count": 1,
        "total_duration": 0.014389991760253906,
        "total_items": 43,
        "avg_duration": 0.014389991760253906,
        "avg_throughput": 2988.1879514878387,
        "min_duration": 0.014389991760253906,
        "max_duration": 0.014389991760253906
      },
      "initialize_schema": {
        "count": 1,
        "total_duration": 7.452799558639526,
        "total_items": 0,
        "avg_duration": 7.452799558639526,
        "avg_throughput": 0.0,
        "min_duration": 7.452799558639526,
        "max_duration": 7.452799558639526
      },
      "extract_kg_async": {
        "count": 1,
        "total_duration": 46.815051794052124,
        "total_items": 43,
        "avg_duration": 46.815051794052124,
        "avg_throughput": 0.9185080086884188,
        "min_duration": 46.815051794052124,
        "max_duration": 46.815051794052124
      },
      "ingest_qdrant_async": {
        "count": 1,
        "total_duration": 2.171961545944214,
        "total_items": 43,
        "avg_duration": 2.171961545944214,
        "avg_throughput": 19.797772239704486,
        "min_duration": 2.171961545944214,
        "max_duration": 2.171961545944214
      }
    }
  },
  "operations": [
    {
      "name": "load_transcripts",
      "duration": 0.0017206668853759766,
      "items_processed": 1,
      "items_per_second": 581.1700152417902,
      "metadata": {}
    },
    {
      "name": "chunk_documents",
      "duration": 0.014389991760253906,
      "items_processed": 43,
      "items_per_second": 2988.1879514878387,
      "metadata": {}
    },
    {
      "name": "initialize_schema",
      "duration": 7.452799558639526,
      "items_processed": 0,
      "items_per_second": 0.0,
      "metadata": {}
    },
    {
      "name": "extract_kg_async",
      "duration": 46.815051794052124,
      "items_processed": 43,
      "items_per_second": 0.9185080086884188,
      "metadata": {
        "concepts": 32,
        "relationships": 14,
        "quotes": 11,
        "max_concurrent": 10,
        "batch_size": 10
      }
    },
    {
      "name": "ingest_qdrant_async",
      "duration": 2.171961545944214,
      "items_processed": 43,
      "items_per_second": 19.797772239704486,
      "metadata": {}
    }
  ]
}