{
  "summary": {
    "total_operations": 5,
    "total_duration": 66.98575854301453,
    "total_items_processed": 127,
    "overall_throughput": 1.8959253841762151,
    "by_operation": {
      "load_transcripts": {
        "count": 1,
        "total_duration": 0.0020411014556884766,
        "total_items": 1,
        "avg_duration": 0.0020411014556884766,
        "avg_throughput": 489.931550052564,
        "min_duration": 0.0020411014556884766,
        "max_duration": 0.0020411014556884766
      },
      "chunk_documents": {
        "count": 1,
        "total_duration": 0.01015472412109375,
        "total_items": 42,
        "avg_duration": 0.01015472412109375,
        "avg_throughput": 4136.0060105184075,
        "min_duration": 0.01015472412109375,
        "max_duration": 0.01015472412109375
      },
      "initialize_schema": {
        "count": 1,
        "total_duration": 6.482147455215454,
        "total_items": 0,
        "avg_duration": 6.482147455215454,
        "avg_throughput": 0.0,
        "min_duration": 6.482147455215454,
        "max_duration": 6.482147455215454
      },
      "extract_kg_async": {
        "count": 1,
        "total_duration": 58.10129356384277,
        "total_items": 42,
        "avg_duration": 58.10129356384277,
        "avg_throughput": 0.722875471848998,
        "min_duration": 58.10129356384277,
        "max_duration": 58.10129356384277
      },
      "ingest_qdrant_async": {
        "count": 1,
        "total_duration": 2.3901216983795166,
        "total_items": 42,
        "avg_duration": 2.3901216983795166,
        "avg_throughput": 17.572326977524057,
        "min_duration": 2.3901216983795166,
        "max_duration": 2.3901216983795166
      }
    }
  },
  "operations": [
    {
      "name": "load_transcripts",
      "duration": 0.0020411014556884766,
      "items_processed": 1,
      "items_per_second": 489.931550052564,
      "metadata": {}
    },
    {
      "name": "chunk_documents",
      "duration": 0.01015472412109375,
      "items_processed": 42,
      "items_per_second": 4136.0060105184075,
      "metadata": {}
    },
    {
      "name": "initialize_schema",
      "duration": 6.482147455215454,
      "items_processed": 0,
      "items_per_second": 0.0,
      "metadata": {}
    },
    {
      "name": "extract_kg_async",
      "duration": 58.10129356384277,
      "items_processed": 42,
      "items_per_second": 0.722875471848998,
      "metadata": {
        "concepts": 42,
        "relationships": 22,
        "quotes": 14,
        "max_concurrent": 10,
        "batch_size": 10
      }
    },
    {
      "name": "ingest_qdrant_async",
      "duration": 2.3901216983795166,
      "items_processed": 42,
      "items_per_second": 17.572326977524057,
      "metadata": {}
    }
  ]
}